idSite	campaign_id	banner_id	AdDeviceType	banner_group_id	AdKeywordId	AdPosition	AdPositionType	AdRegionId	AdRetargetindId	AdPlacement	AdTargetId	AdvertisingSystem	DRF	utm_content	utm_term	utm_medium	utm_campaign	utm_source	date	impressions	clicks	spend	integration_id	sign	avg_impression_position	referrerTypeName	source_medium	marketing_source	traffic_channel	account_login	AdRegionName	avg_impression_position_round	avg_click_position_round	effective_impressions	AdGroupId_name	AdCampaignId_name	AdKeywordId_name	campaign_type
97	23843427473270153	23843427473680153	desktop	23843427473540153	none	none	feed	none	none	facebook	none	facebook_ads	none	none	none	cpc	none	facebook	2019-07-10	2	0	0.0	325	1	none	Campaigns	facebook/cpc	facebook	cpc	act_104964190066525	none	none	none	0	RU - 18+	–ü—Ä–æ–¥–≤–∏–∂–µ–Ω–∏–µ —Å—Ç—Ä–∞–Ω–∏—Ü—ã - –ª–æ–π—Å—ã	none	–¥—Ä—É–≥–æ–µ
97	23843427473270153	23843427473680153	mobile	23843427473540153	none	none	feed	none	none	facebook	none	facebook_ads	none	none	none	cpc	none	facebook	2019-07-10	1	0	0.0	325	1	none	Campaigns	facebook/cpc	facebook	cpc	act_104964190066525	none	none	none	0	RU - 18+	–ü—Ä–æ–¥–≤–∏–∂–µ–Ω–∏–µ —Å—Ç—Ä–∞–Ω–∏—Ü—ã - –ª–æ–π—Å—ã	none	–¥—Ä—É–≥–æ–µ
97	23843531649150153	23843531649240153	mobile	23843531649230153	none	none	feed	none	none	instagram	none	facebook_ads	none	none	none	cpc	none	instagram	2019-07-10	303	2	133.45	325	1	none	Campaigns	instagram/cpc	instagram	cpc	act_104964190066525	none	none	none	303	"–ü—É–±–ª–∏–∫–∞—Ü–∏—è: ""üö£‚Äç‚ôÇ –î–æ–≤–µ–∑–µ–º –¥–æ –≤–æ–¥—ã! –í—Å–µ –ª–µ—Ç–æ –¥–µ–π—Å—Ç–≤—É–µ—Ç —Å–∫–∏–¥–∫–∞..."""	"–ü—É–±–ª–∏–∫–∞—Ü–∏—è: ""üö£‚Äç‚ôÇ –î–æ–≤–µ–∑–µ–º –¥–æ –≤–æ–¥—ã! –í—Å–µ –ª–µ—Ç–æ –¥–µ–π—Å—Ç–≤—É–µ—Ç —Å–∫–∏–¥–∫–∞..."""	none	–¥—Ä—É–≥–æ–µ
97	23843531649150153	23843531649240153	tablet	23843531649230153	none	none	feed	none	none	instagram	none	facebook_ads	none	none	none	cpc	none	instagram	2019-07-10	9	0	4.75	325	1	none	Campaigns	instagram/cpc	instagram	cpc	act_104964190066525	none	none	none	9	"–ü—É–±–ª–∏–∫–∞—Ü–∏—è: ""üö£‚Äç‚ôÇ –î–æ–≤–µ–∑–µ–º –¥–æ –≤–æ–¥—ã! –í—Å–µ –ª–µ—Ç–æ –¥–µ–π—Å—Ç–≤—É–µ—Ç —Å–∫–∏–¥–∫–∞..."""	"–ü—É–±–ª–∏–∫–∞—Ü–∏—è: ""üö£‚Äç‚ôÇ –î–æ–≤–µ–∑–µ–º –¥–æ –≤–æ–¥—ã! –í—Å–µ –ª–µ—Ç–æ –¥–µ–π—Å—Ç–≤—É–µ—Ç —Å–∫–∏–¥–∫–∞..."""	none	–¥—Ä—É–≥–æ–µ
97	23843531649150153	23843531649240153	tablet	23843531649230153	none	none	feed	none	none	instagram	none	facebook_ads	none	none	none	cpc	none	instagram	2019-07-10	3	0	1.37	325	1	none	Campaigns	instagram/cpc	instagram	cpc	act_104964190066525	none	none	none	3	"–ü—É–±–ª–∏–∫–∞—Ü–∏—è: ""üö£‚Äç‚ôÇ –î–æ–≤–µ–∑–µ–º –¥–æ –≤–æ–¥—ã! –í—Å–µ –ª–µ—Ç–æ –¥–µ–π—Å—Ç–≤—É–µ—Ç —Å–∫–∏–¥–∫–∞..."""	"–ü—É–±–ª–∏–∫–∞—Ü–∏—è: ""üö£‚Äç‚ôÇ –î–æ–≤–µ–∑–µ–º –¥–æ –≤–æ–¥—ã! –í—Å–µ –ª–µ—Ç–æ –¥–µ–π—Å—Ç–≤—É–µ—Ç —Å–∫–∏–¥–∫–∞..."""	none	–¥—Ä—É–≥–æ–µ
97	23843531649150153	23843531649240153	mobile	23843531649230153	none	none	feed	none	none	instagram	none	facebook_ads	none	none	none	cpc	none	instagram	2019-07-10	146	0	64.55	325	1	none	Campaigns	instagram/cpc	instagram	cpc	act_104964190066525	none	none	none	146	"–ü—É–±–ª–∏–∫–∞—Ü–∏—è: ""üö£‚Äç‚ôÇ –î–æ–≤–µ–∑–µ–º –¥–æ –≤–æ–¥—ã! –í—Å–µ –ª–µ—Ç–æ –¥–µ–π—Å—Ç–≤—É–µ—Ç —Å–∫–∏–¥–∫–∞..."""	"–ü—É–±–ª–∏–∫–∞—Ü–∏—è: ""üö£‚Äç‚ôÇ –î–æ–≤–µ–∑–µ–º –¥–æ –≤–æ–¥—ã! –í—Å–µ –ª–µ—Ç–æ –¥–µ–π—Å—Ç–≤—É–µ—Ç —Å–∫–∏–¥–∫–∞..."""	none	–¥—Ä—É–≥–æ–µ
97	23843548194380153	23843548194530153	mobile	23843548194480153	none	none	feed	none	none	instagram	none	facebook_ads	none	none	none	cpc	none	instagram	2019-07-10	340	1	153.23	325	1	none	Campaigns	instagram/cpc	instagram	cpc	act_104964190066525	none	none	none	340	"–ü—É–±–ª–∏–∫–∞—Ü–∏—è: ""‚õ∫ –¢—É—Ä–∏—Å—Ç–∞–º –≤–µ–∑–µ—Ç! –î–æ 31 –∞–≤–≥—É—Å—Ç–∞ –¥–µ–π—Å—Ç–≤—É–µ—Ç —Å–∫–∏–¥–∫–∞..."""	"–ü—É–±–ª–∏–∫–∞—Ü–∏—è: ""‚õ∫ –¢—É—Ä–∏—Å—Ç–∞–º –≤–µ–∑–µ—Ç! –î–æ 31 –∞–≤–≥—É—Å—Ç–∞ –¥–µ–π—Å—Ç–≤—É–µ—Ç —Å–∫–∏–¥–∫–∞..."""	none	–¥—Ä—É–≥–æ–µ
97	23843548194380153	23843548194530153	tablet	23843548194480153	none	none	feed	none	none	instagram	none	facebook_ads	none	none	none	cpc	none	instagram	2019-07-10	7	0	1.84	325	1	none	Campaigns	instagram/cpc	instagram	cpc	act_104964190066525	none	none	none	7	"–ü—É–±–ª–∏–∫–∞—Ü–∏—è: ""‚õ∫ –¢—É—Ä–∏—Å—Ç–∞–º –≤–µ–∑–µ—Ç! –î–æ 31 –∞–≤–≥—É—Å—Ç–∞ –¥–µ–π—Å—Ç–≤—É–µ—Ç —Å–∫–∏–¥–∫–∞..."""	"–ü—É–±–ª–∏–∫–∞—Ü–∏—è: ""‚õ∫ –¢—É—Ä–∏—Å—Ç–∞–º –≤–µ–∑–µ—Ç! –î–æ 31 –∞–≤–≥—É—Å—Ç–∞ –¥–µ–π—Å—Ç–≤—É–µ—Ç —Å–∫–∏–¥–∫–∞..."""	none	–¥—Ä—É–≥–æ–µ
97	23843548194380153	23843548194530153	tablet	23843548194480153	none	none	feed	none	none	instagram	none	facebook_ads	none	none	none	cpc	none	instagram	2019-07-10	7	0	5.23	325	1	none	Campaigns	instagram/cpc	instagram	cpc	act_104964190066525	none	none	none	7	"–ü—É–±–ª–∏–∫–∞—Ü–∏—è: ""‚õ∫ –¢—É—Ä–∏—Å—Ç–∞–º –≤–µ–∑–µ—Ç! –î–æ 31 –∞–≤–≥—É—Å—Ç–∞ –¥–µ–π—Å—Ç–≤—É–µ—Ç —Å–∫–∏–¥–∫–∞..."""	"–ü—É–±–ª–∏–∫–∞—Ü–∏—è: ""‚õ∫ –¢—É—Ä–∏—Å—Ç–∞–º –≤–µ–∑–µ—Ç! –î–æ 31 –∞–≤–≥—É—Å—Ç–∞ –¥–µ–π—Å—Ç–≤—É–µ—Ç —Å–∫–∏–¥–∫–∞..."""	none	–¥—Ä—É–≥–æ–µ
97	23843548194380153	23843548194530153	mobile	23843548194480153	none	none	feed	none	none	instagram	none	facebook_ads	none	none	none	cpc	none	instagram	2019-07-10	266	0	129.25	325	1	none	Campaigns	instagram/cpc	instagram	cpc	act_104964190066525	none	none	none	266	"–ü—É–±–ª–∏–∫–∞—Ü–∏—è: ""‚õ∫ –¢—É—Ä–∏—Å—Ç–∞–º –≤–µ–∑–µ—Ç! –î–æ 31 –∞–≤–≥—É—Å—Ç–∞ –¥–µ–π—Å—Ç–≤—É–µ—Ç —Å–∫–∏–¥–∫–∞..."""	"–ü—É–±–ª–∏–∫–∞—Ü–∏—è: ""‚õ∫ –¢—É—Ä–∏—Å—Ç–∞–º –≤–µ–∑–µ—Ç! –î–æ 31 –∞–≤–≥—É—Å—Ç–∞ –¥–µ–π—Å—Ç–≤—É–µ—Ç —Å–∫–∏–¥–∫–∞..."""	none	–¥—Ä—É–≥–æ–µ
97	23843550861700153	23843550861750153	mobile	23843550861720153	none	none	feed	none	none	instagram	none	facebook_ads	none	none	none	cpc	none	facebook	2019-07-10	1270	4	92.99	325	1	none	Campaigns	facebook/cpc	facebook	cpc	act_104964190066525	none	none	none	1270	—Ä—è–∑–∞–Ω—å	–†—è–∑–∞–Ω—å, –Ω–∞–±–æ—Ä –æ–ø–µ—Ä–∞—Ç–æ—Ä–æ–≤	none	–¥—Ä—É–≥–æ–µ
97	23843550861700153	23843550861750153	tablet	23843550861720153	none	none	feed	none	none	instagram	none	facebook_ads	none	none	none	cpc	none	facebook	2019-07-10	15	0	1.18	325	1	none	Campaigns	facebook/cpc	facebook	cpc	act_104964190066525	none	none	none	15	—Ä—è–∑–∞–Ω—å	–†—è–∑–∞–Ω—å, –Ω–∞–±–æ—Ä –æ–ø–µ—Ä–∞—Ç–æ—Ä–æ–≤	none	–¥—Ä—É–≥–æ–µ
97	23843550861700153	23843550861750153	tablet	23843550861720153	none	none	feed	none	none	instagram	none	facebook_ads	none	none	none	cpc	none	facebook	2019-07-10	5	0	0.39	325	1	none	Campaigns	facebook/cpc	facebook	cpc	act_104964190066525	none	none	none	5	—Ä—è–∑–∞–Ω—å	–†—è–∑–∞–Ω—å, –Ω–∞–±–æ—Ä –æ–ø–µ—Ä–∞—Ç–æ—Ä–æ–≤	none	–¥—Ä—É–≥–æ–µ
97	23843550861700153	23843550861750153	mobile	23843550861720153	none	none	feed	none	none	instagram	none	facebook_ads	none	none	none	cpc	none	facebook	2019-07-10	967	3	70.72	325	1	none	Campaigns	facebook/cpc	facebook	cpc	act_104964190066525	none	none	none	967	—Ä—è–∑–∞–Ω—å	–†—è–∑–∞–Ω—å, –Ω–∞–±–æ—Ä –æ–ø–µ—Ä–∞—Ç–æ—Ä–æ–≤	none	–¥—Ä—É–≥–æ–µ
97	23843553194660153	23843553194760153	desktop	23843553194730153	none	none	feed	none	none	facebook	none	facebook_ads	none	none	none	cpc	none	instagram	2019-07-10	36	0	5.58	325	1	none	Campaigns	instagram/cpc	instagram	cpc	act_104964190066525	none	none	none	36	"–ü—É–±–ª–∏–∫–∞—Ü–∏—è: ""–û—Ç–∫—Ä—ã–ª—Å—è —Ñ–∏–ª–∏–∞–ª ¬´–ë–∞–π–∫–∞–ª –°–µ—Ä–≤–∏—Å¬ª –≤ –í–æ–ª–≥–æ–¥–æ–Ω—Å–∫–µ!..."""	"–ü—É–±–ª–∏–∫–∞—Ü–∏—è: ""–û—Ç–∫—Ä—ã–ª—Å—è —Ñ–∏–ª–∏–∞–ª ¬´–ë–∞–π–∫–∞–ª –°–µ—Ä–≤–∏—Å¬ª –≤ –í–æ–ª–≥–æ–¥–æ–Ω—Å–∫–µ!..."""	none	–¥—Ä—É–≥–æ–µ
97	23843553194660153	23843553194760153	mobile	23843553194730153	none	none	feed	none	none	facebook	none	facebook_ads	none	none	none	cpc	none	instagram	2019-07-10	290	7	68.54	325	1	none	Campaigns	instagram/cpc	instagram	cpc	act_104964190066525	none	none	none	290	"–ü—É–±–ª–∏–∫–∞—Ü–∏—è: ""–û—Ç–∫—Ä—ã–ª—Å—è —Ñ–∏–ª–∏–∞–ª ¬´–ë–∞–π–∫–∞–ª –°–µ—Ä–≤–∏—Å¬ª –≤ –í–æ–ª–≥–æ–¥–æ–Ω—Å–∫–µ!..."""	"–ü—É–±–ª–∏–∫–∞—Ü–∏—è: ""–û—Ç–∫—Ä—ã–ª—Å—è —Ñ–∏–ª–∏–∞–ª ¬´–ë–∞–π–∫–∞–ª –°–µ—Ä–≤–∏—Å¬ª –≤ –í–æ–ª–≥–æ–¥–æ–Ω—Å–∫–µ!..."""	none	–¥—Ä—É–≥–æ–µ
97	23843553194660153	23843553194760153	tablet	23843553194730153	none	none	feed	none	none	facebook	none	facebook_ads	none	none	none	cpc	none	instagram	2019-07-10	19	1	10.15	325	1	none	Campaigns	instagram/cpc	instagram	cpc	act_104964190066525	none	none	none	19	"–ü—É–±–ª–∏–∫–∞—Ü–∏—è: ""–û—Ç–∫—Ä—ã–ª—Å—è —Ñ–∏–ª–∏–∞–ª ¬´–ë–∞–π–∫–∞–ª –°–µ—Ä–≤–∏—Å¬ª –≤ –í–æ–ª–≥–æ–¥–æ–Ω—Å–∫–µ!..."""	"–ü—É–±–ª–∏–∫–∞—Ü–∏—è: ""–û—Ç–∫—Ä—ã–ª—Å—è —Ñ–∏–ª–∏–∞–ª ¬´–ë–∞–π–∫–∞–ª –°–µ—Ä–≤–∏—Å¬ª –≤ –í–æ–ª–≥–æ–¥–æ–Ω—Å–∫–µ!..."""	none	–¥—Ä—É–≥–æ–µ
97	23843553194660153	23843553194760153	tablet	23843553194730153	none	none	feed	none	none	facebook	none	facebook_ads	none	none	none	cpc	none	instagram	2019-07-10	14	0	4.7	325	1	none	Campaigns	instagram/cpc	instagram	cpc	act_104964190066525	none	none	none	14	"–ü—É–±–ª–∏–∫–∞—Ü–∏—è: ""–û—Ç–∫—Ä—ã–ª—Å—è —Ñ–∏–ª–∏–∞–ª ¬´–ë–∞–π–∫–∞–ª –°–µ—Ä–≤–∏—Å¬ª –≤ –í–æ–ª–≥–æ–¥–æ–Ω—Å–∫–µ!..."""	"–ü—É–±–ª–∏–∫–∞—Ü–∏—è: ""–û—Ç–∫—Ä—ã–ª—Å—è —Ñ–∏–ª–∏–∞–ª ¬´–ë–∞–π–∫–∞–ª –°–µ—Ä–≤–∏—Å¬ª –≤ –í–æ–ª–≥–æ–¥–æ–Ω—Å–∫–µ!..."""	none	–¥—Ä—É–≥–æ–µ
97	23843553194660153	23843553194760153	mobile	23843553194730153	none	none	feed	none	none	facebook	none	facebook_ads	none	none	none	cpc	none	instagram	2019-07-10	31	1	6.19	325	1	none	Campaigns	instagram/cpc	instagram	cpc	act_104964190066525	none	none	none	31	"–ü—É–±–ª–∏–∫–∞—Ü–∏—è: ""–û—Ç–∫—Ä—ã–ª—Å—è —Ñ–∏–ª–∏–∞–ª ¬´–ë–∞–π–∫–∞–ª –°–µ—Ä–≤–∏—Å¬ª –≤ –í–æ–ª–≥–æ–¥–æ–Ω—Å–∫–µ!..."""	"–ü—É–±–ª–∏–∫–∞—Ü–∏—è: ""–û—Ç–∫—Ä—ã–ª—Å—è —Ñ–∏–ª–∏–∞–ª ¬´–ë–∞–π–∫–∞–ª –°–µ—Ä–≤–∏—Å¬ª –≤ –í–æ–ª–≥–æ–¥–æ–Ω—Å–∫–µ!..."""	none	–¥—Ä—É–≥–æ–µ
97	23843553194660153	23843553194760153	mobile	23843553194730153	none	none	feed	none	none	facebook	none	facebook_ads	none	none	none	cpc	none	instagram	2019-07-10	1	0	0.32	325	1	none	Campaigns	instagram/cpc	instagram	cpc	act_104964190066525	none	none	none	1	"–ü—É–±–ª–∏–∫–∞—Ü–∏—è: ""–û—Ç–∫—Ä—ã–ª—Å—è —Ñ–∏–ª–∏–∞–ª ¬´–ë–∞–π–∫–∞–ª –°–µ—Ä–≤–∏—Å¬ª –≤ –í–æ–ª–≥–æ–¥–æ–Ω—Å–∫–µ!..."""	"–ü—É–±–ª–∏–∫–∞—Ü–∏—è: ""–û—Ç–∫—Ä—ã–ª—Å—è —Ñ–∏–ª–∏–∞–ª ¬´–ë–∞–π–∫–∞–ª –°–µ—Ä–≤–∏—Å¬ª –≤ –í–æ–ª–≥–æ–¥–æ–Ω—Å–∫–µ!..."""	none	–¥—Ä—É–≥–æ–µ
97	23843553194660153	23843553194760153	mobile	23843553194730153	none	none	feed	none	none	instagram	none	facebook_ads	none	none	none	cpc	none	instagram	2019-07-10	524	0	117.14	325	1	none	Campaigns	instagram/cpc	instagram	cpc	act_104964190066525	none	none	none	524	"–ü—É–±–ª–∏–∫–∞—Ü–∏—è: ""–û—Ç–∫—Ä—ã–ª—Å—è —Ñ–∏–ª–∏–∞–ª ¬´–ë–∞–π–∫–∞–ª –°–µ—Ä–≤–∏—Å¬ª –≤ –í–æ–ª–≥–æ–¥–æ–Ω—Å–∫–µ!..."""	"–ü—É–±–ª–∏–∫–∞—Ü–∏—è: ""–û—Ç–∫—Ä—ã–ª—Å—è —Ñ–∏–ª–∏–∞–ª ¬´–ë–∞–π–∫–∞–ª –°–µ—Ä–≤–∏—Å¬ª –≤ –í–æ–ª–≥–æ–¥–æ–Ω—Å–∫–µ!..."""	none	–¥—Ä—É–≥–æ–µ
97	23843553194660153	23843553194760153	tablet	23843553194730153	none	none	feed	none	none	instagram	none	facebook_ads	none	none	none	cpc	none	instagram	2019-07-10	9	0	3.01	325	1	none	Campaigns	instagram/cpc	instagram	cpc	act_104964190066525	none	none	none	9	"–ü—É–±–ª–∏–∫–∞—Ü–∏—è: ""–û—Ç–∫—Ä—ã–ª—Å—è —Ñ–∏–ª–∏–∞–ª ¬´–ë–∞–π–∫–∞–ª –°–µ—Ä–≤–∏—Å¬ª –≤ –í–æ–ª–≥–æ–¥–æ–Ω—Å–∫–µ!..."""	"–ü—É–±–ª–∏–∫–∞—Ü–∏—è: ""–û—Ç–∫—Ä—ã–ª—Å—è —Ñ–∏–ª–∏–∞–ª ¬´–ë–∞–π–∫–∞–ª –°–µ—Ä–≤–∏—Å¬ª –≤ –í–æ–ª–≥–æ–¥–æ–Ω—Å–∫–µ!..."""	none	–¥—Ä—É–≥–æ–µ
97	23843553194660153	23843553194760153	tablet	23843553194730153	none	none	feed	none	none	instagram	none	facebook_ads	none	none	none	cpc	none	instagram	2019-07-10	8	0	1.56	325	1	none	Campaigns	instagram/cpc	instagram	cpc	act_104964190066525	none	none	none	8	"–ü—É–±–ª–∏–∫–∞—Ü–∏—è: ""–û—Ç–∫—Ä—ã–ª—Å—è —Ñ–∏–ª–∏–∞–ª ¬´–ë–∞–π–∫–∞–ª –°–µ—Ä–≤–∏—Å¬ª –≤ –í–æ–ª–≥–æ–¥–æ–Ω—Å–∫–µ!..."""	"–ü—É–±–ª–∏–∫–∞—Ü–∏—è: ""–û—Ç–∫—Ä—ã–ª—Å—è —Ñ–∏–ª–∏–∞–ª ¬´–ë–∞–π–∫–∞–ª –°–µ—Ä–≤–∏—Å¬ª –≤ –í–æ–ª–≥–æ–¥–æ–Ω—Å–∫–µ!..."""	none	–¥—Ä—É–≥–æ–µ
97	23843553194660153	23843553194760153	mobile	23843553194730153	none	none	feed	none	none	instagram	none	facebook_ads	none	none	none	cpc	none	instagram	2019-07-10	157	1	50.93	325	1	none	Campaigns	instagram/cpc	instagram	cpc	act_104964190066525	none	none	none	157	"–ü—É–±–ª–∏–∫–∞—Ü–∏—è: ""–û—Ç–∫—Ä—ã–ª—Å—è —Ñ–∏–ª–∏–∞–ª ¬´–ë–∞–π–∫–∞–ª –°–µ—Ä–≤–∏—Å¬ª –≤ –í–æ–ª–≥–æ–¥–æ–Ω—Å–∫–µ!..."""	"–ü—É–±–ª–∏–∫–∞—Ü–∏—è: ""–û—Ç–∫—Ä—ã–ª—Å—è —Ñ–∏–ª–∏–∞–ª ¬´–ë–∞–π–∫–∞–ª –°–µ—Ä–≤–∏—Å¬ª –≤ –í–æ–ª–≥–æ–¥–æ–Ω—Å–∫–µ!..."""	none	–¥—Ä—É–≥–æ–µ
97	23843560561360153	23843560561490153	desktop	23843560561440153	none	none	feed	none	none	facebook	none	facebook_ads	none	none	none	cpc	none	instagram	2019-07-10	21	2	4.5	325	1	none	Campaigns	instagram/cpc	instagram	cpc	act_104964190066525	none	none	none	21	"–ü—É–±–ª–∏–∫–∞—Ü–∏—è: ""–û—Ç–∫—Ä—ã–ª—Å—è —Ñ–∏–ª–∏–∞–ª ¬´–ë–∞–π–∫–∞–ª –°–µ—Ä–≤–∏—Å¬ª –≤..."""	"–ü—É–±–ª–∏–∫–∞—Ü–∏—è: ""–û—Ç–∫—Ä—ã–ª—Å—è —Ñ–∏–ª–∏–∞–ª ¬´–ë–∞–π–∫–∞–ª –°–µ—Ä–≤–∏—Å¬ª –≤..."""	none	–¥—Ä—É–≥–æ–µ
97	23843560561360153	23843560561490153	mobile	23843560561440153	none	none	feed	none	none	facebook	none	facebook_ads	none	none	none	cpc	none	instagram	2019-07-10	61	10	15.03	325	1	none	Campaigns	instagram/cpc	instagram	cpc	act_104964190066525	none	none	none	61	"–ü—É–±–ª–∏–∫–∞—Ü–∏—è: ""–û—Ç–∫—Ä—ã–ª—Å—è —Ñ–∏–ª–∏–∞–ª ¬´–ë–∞–π–∫–∞–ª –°–µ—Ä–≤–∏—Å¬ª –≤..."""	"–ü—É–±–ª–∏–∫–∞—Ü–∏—è: ""–û—Ç–∫—Ä—ã–ª—Å—è —Ñ–∏–ª–∏–∞–ª ¬´–ë–∞–π–∫–∞–ª –°–µ—Ä–≤–∏—Å¬ª –≤..."""	none	–¥—Ä—É–≥–æ–µ
97	23843560561360153	23843560561490153	tablet	23843560561440153	none	none	feed	none	none	facebook	none	facebook_ads	none	none	none	cpc	none	instagram	2019-07-10	1	0	0.08	325	1	none	Campaigns	instagram/cpc	instagram	cpc	act_104964190066525	none	none	none	1	"–ü—É–±–ª–∏–∫–∞—Ü–∏—è: ""–û—Ç–∫—Ä—ã–ª—Å—è —Ñ–∏–ª–∏–∞–ª ¬´–ë–∞–π–∫–∞–ª –°–µ—Ä–≤–∏—Å¬ª –≤..."""	"–ü—É–±–ª–∏–∫–∞—Ü–∏—è: ""–û—Ç–∫—Ä—ã–ª—Å—è —Ñ–∏–ª–∏–∞–ª ¬´–ë–∞–π–∫–∞–ª –°–µ—Ä–≤–∏—Å¬ª –≤..."""	none	–¥—Ä—É–≥–æ–µ
97	23843560561360153	23843560561490153	tablet	23843560561440153	none	none	feed	none	none	facebook	none	facebook_ads	none	none	none	cpc	none	instagram	2019-07-10	3	0	0.44	325	1	none	Campaigns	instagram/cpc	instagram	cpc	act_104964190066525	none	none	none	3	"–ü—É–±–ª–∏–∫–∞—Ü–∏—è: ""–û—Ç–∫—Ä—ã–ª—Å—è —Ñ–∏–ª–∏–∞–ª ¬´–ë–∞–π–∫–∞–ª –°–µ—Ä–≤–∏—Å¬ª –≤..."""	"–ü—É–±–ª–∏–∫–∞—Ü–∏—è: ""–û—Ç–∫—Ä—ã–ª—Å—è —Ñ–∏–ª–∏–∞–ª ¬´–ë–∞–π–∫–∞–ª –°–µ—Ä–≤–∏—Å¬ª –≤..."""	none	–¥—Ä—É–≥–æ–µ
97	23843560561360153	23843560561490153	mobile	23843560561440153	none	none	feed	none	none	facebook	none	facebook_ads	none	none	none	cpc	none	instagram	2019-07-10	13	0	1.83	325	1	none	Campaigns	instagram/cpc	instagram	cpc	act_104964190066525	none	none	none	13	"–ü—É–±–ª–∏–∫–∞—Ü–∏—è: ""–û—Ç–∫—Ä—ã–ª—Å—è —Ñ–∏–ª–∏–∞–ª ¬´–ë–∞–π–∫–∞–ª –°–µ—Ä–≤–∏—Å¬ª –≤..."""	"–ü—É–±–ª–∏–∫–∞—Ü–∏—è: ""–û—Ç–∫—Ä—ã–ª—Å—è —Ñ–∏–ª–∏–∞–ª ¬´–ë–∞–π–∫–∞–ª –°–µ—Ä–≤–∏—Å¬ª –≤..."""	none	–¥—Ä—É–≥–æ–µ
97	23843560561360153	23843560561490153	mobile	23843560561440153	none	none	feed	none	none	instagram	none	facebook_ads	none	none	none	cpc	none	instagram	2019-07-10	1921	20	213.69	325	1	none	Campaigns	instagram/cpc	instagram	cpc	act_104964190066525	none	none	none	1921	"–ü—É–±–ª–∏–∫–∞—Ü–∏—è: ""–û—Ç–∫—Ä—ã–ª—Å—è —Ñ–∏–ª–∏–∞–ª ¬´–ë–∞–π–∫–∞–ª –°–µ—Ä–≤–∏—Å¬ª –≤..."""	"–ü—É–±–ª–∏–∫–∞—Ü–∏—è: ""–û—Ç–∫—Ä—ã–ª—Å—è —Ñ–∏–ª–∏–∞–ª ¬´–ë–∞–π–∫–∞–ª –°–µ—Ä–≤–∏—Å¬ª –≤..."""	none	–¥—Ä—É–≥–æ–µ
97	23843560561360153	23843560561490153	tablet	23843560561440153	none	none	feed	none	none	instagram	none	facebook_ads	none	none	none	cpc	none	instagram	2019-07-10	39	0	6.62	325	1	none	Campaigns	instagram/cpc	instagram	cpc	act_104964190066525	none	none	none	39	"–ü—É–±–ª–∏–∫–∞—Ü–∏—è: ""–û—Ç–∫—Ä—ã–ª—Å—è —Ñ–∏–ª–∏–∞–ª ¬´–ë–∞–π–∫–∞–ª –°–µ—Ä–≤–∏—Å¬ª –≤..."""	"–ü—É–±–ª–∏–∫–∞—Ü–∏—è: ""–û—Ç–∫—Ä—ã–ª—Å—è —Ñ–∏–ª–∏–∞–ª ¬´–ë–∞–π–∫–∞–ª –°–µ—Ä–≤–∏—Å¬ª –≤..."""	none	–¥—Ä—É–≥–æ–µ
97	23843560561360153	23843560561490153	tablet	23843560561440153	none	none	feed	none	none	instagram	none	facebook_ads	none	none	none	cpc	none	instagram	2019-07-10	5	2	0.43	325	1	none	Campaigns	instagram/cpc	instagram	cpc	act_104964190066525	none	none	none	5	"–ü—É–±–ª–∏–∫–∞—Ü–∏—è: ""–û—Ç–∫—Ä—ã–ª—Å—è —Ñ–∏–ª–∏–∞–ª ¬´–ë–∞–π–∫–∞–ª –°–µ—Ä–≤–∏—Å¬ª –≤..."""	"–ü—É–±–ª–∏–∫–∞—Ü–∏—è: ""–û—Ç–∫—Ä—ã–ª—Å—è —Ñ–∏–ª–∏–∞–ª ¬´–ë–∞–π–∫–∞–ª –°–µ—Ä–≤–∏—Å¬ª –≤..."""	none	–¥—Ä—É–≥–æ–µ
97	23843560561360153	23843560561490153	mobile	23843560561440153	none	none	feed	none	none	instagram	none	facebook_ads	none	none	none	cpc	none	instagram	2019-07-10	460	5	61.8	325	1	none	Campaigns	instagram/cpc	instagram	cpc	act_104964190066525	none	none	none	460	"–ü—É–±–ª–∏–∫–∞—Ü–∏—è: ""–û—Ç–∫—Ä—ã–ª—Å—è —Ñ–∏–ª–∏–∞–ª ¬´–ë–∞–π–∫–∞–ª –°–µ—Ä–≤–∏—Å¬ª –≤..."""	"–ü—É–±–ª–∏–∫–∞—Ü–∏—è: ""–û—Ç–∫—Ä—ã–ª—Å—è —Ñ–∏–ª–∏–∞–ª ¬´–ë–∞–π–∫–∞–ª –°–µ—Ä–≤–∏—Å¬ª –≤..."""	none	–¥—Ä—É–≥–æ–µ
97	23843566995190153	23843566995280153	desktop	23843566995270153	none	none	feed	none	none	facebook	none	facebook_ads	none	none	none	cpc	none	instagram	2019-07-10	26	0	4.68	325	1	none	Campaigns	instagram/cpc	instagram	cpc	act_104964190066525	none	none	none	26	"–ü—É–±–ª–∏–∫–∞—Ü–∏—è: ""üî∑ –ü–µ—Ä–≤–æ—É—Ä–∞–ª—å—Å–∫, —Ä–∞—Å–ø–æ–ª–æ–∂–µ–Ω–Ω—ã–π –≤ 40 –∫–∏–ª–æ–º–µ—Ç—Ä–∞—Ö –∫..."""	"–ü—É–±–ª–∏–∫–∞—Ü–∏—è: ""üî∑ –ü–µ—Ä–≤–æ—É—Ä–∞–ª—å—Å–∫, —Ä–∞—Å–ø–æ–ª–æ–∂–µ–Ω–Ω—ã–π –≤ 40 –∫–∏–ª–æ–º–µ—Ç—Ä–∞—Ö –∫..."""	none	–¥—Ä—É–≥–æ–µ
97	23843566995190153	23843566995280153	mobile	23843566995270153	none	none	feed	none	none	facebook	none	facebook_ads	none	none	none	cpc	none	instagram	2019-07-10	200	18	56.49	325	1	none	Campaigns	instagram/cpc	instagram	cpc	act_104964190066525	none	none	none	200	"–ü—É–±–ª–∏–∫–∞—Ü–∏—è: ""üî∑ –ü–µ—Ä–≤–æ—É—Ä–∞–ª—å—Å–∫, —Ä–∞—Å–ø–æ–ª–æ–∂–µ–Ω–Ω—ã–π –≤ 40 –∫–∏–ª–æ–º–µ—Ç—Ä–∞—Ö –∫..."""	"–ü—É–±–ª–∏–∫–∞—Ü–∏—è: ""üî∑ –ü–µ—Ä–≤–æ—É—Ä–∞–ª—å—Å–∫, —Ä–∞—Å–ø–æ–ª–æ–∂–µ–Ω–Ω—ã–π –≤ 40 –∫–∏–ª–æ–º–µ—Ç—Ä–∞—Ö –∫..."""	none	–¥—Ä—É–≥–æ–µ
97	23843566995190153	23843566995280153	tablet	23843566995270153	none	none	feed	none	none	facebook	none	facebook_ads	none	none	none	cpc	none	instagram	2019-07-10	8	0	2.15	325	1	none	Campaigns	instagram/cpc	instagram	cpc	act_104964190066525	none	none	none	8	"–ü—É–±–ª–∏–∫–∞—Ü–∏—è: ""üî∑ –ü–µ—Ä–≤–æ—É—Ä–∞–ª—å—Å–∫, —Ä–∞—Å–ø–æ–ª–æ–∂–µ–Ω–Ω—ã–π –≤ 40 –∫–∏–ª–æ–º–µ—Ç—Ä–∞—Ö –∫..."""	"–ü—É–±–ª–∏–∫–∞—Ü–∏—è: ""üî∑ –ü–µ—Ä–≤–æ—É—Ä–∞–ª—å—Å–∫, —Ä–∞—Å–ø–æ–ª–æ–∂–µ–Ω–Ω—ã–π –≤ 40 –∫–∏–ª–æ–º–µ—Ç—Ä–∞—Ö –∫..."""	none	–¥—Ä—É–≥–æ–µ
97	23843566995190153	23843566995280153	tablet	23843566995270153	none	none	feed	none	none	facebook	none	facebook_ads	none	none	none	cpc	none	instagram	2019-07-10	7	0	2.19	325	1	none	Campaigns	instagram/cpc	instagram	cpc	act_104964190066525	none	none	none	7	"–ü—É–±–ª–∏–∫–∞—Ü–∏—è: ""üî∑ –ü–µ—Ä–≤–æ—É—Ä–∞–ª—å—Å–∫, —Ä–∞—Å–ø–æ–ª–æ–∂–µ–Ω–Ω—ã–π –≤ 40 –∫–∏–ª–æ–º–µ—Ç—Ä–∞—Ö –∫..."""	"–ü—É–±–ª–∏–∫–∞—Ü–∏—è: ""üî∑ –ü–µ—Ä–≤–æ—É—Ä–∞–ª—å—Å–∫, —Ä–∞—Å–ø–æ–ª–æ–∂–µ–Ω–Ω—ã–π –≤ 40 –∫–∏–ª–æ–º–µ—Ç—Ä–∞—Ö –∫..."""	none	–¥—Ä—É–≥–æ–µ
97	23843566995190153	23843566995280153	mobile	23843566995270153	none	none	feed	none	none	facebook	none	facebook_ads	none	none	none	cpc	none	instagram	2019-07-10	30	1	6.44	325	1	none	Campaigns	instagram/cpc	instagram	cpc	act_104964190066525	none	none	none	30	"–ü—É–±–ª–∏–∫–∞—Ü–∏—è: ""üî∑ –ü–µ—Ä–≤–æ—É—Ä–∞–ª—å—Å–∫, —Ä–∞—Å–ø–æ–ª–æ–∂–µ–Ω–Ω—ã–π –≤ 40 –∫–∏–ª–æ–º–µ—Ç—Ä–∞—Ö –∫..."""	"–ü—É–±–ª–∏–∫–∞—Ü–∏—è: ""üî∑ –ü–µ—Ä–≤–æ—É—Ä–∞–ª—å—Å–∫, —Ä–∞—Å–ø–æ–ª–æ–∂–µ–Ω–Ω—ã–π –≤ 40 –∫–∏–ª–æ–º–µ—Ç—Ä–∞—Ö –∫..."""	none	–¥—Ä—É–≥–æ–µ
97	23843566995190153	23843566995280153	mobile	23843566995270153	none	none	feed	none	none	facebook	none	facebook_ads	none	none	none	cpc	none	instagram	2019-07-10	5	0	1.95	325	1	none	Campaigns	instagram/cpc	instagram	cpc	act_104964190066525	none	none	none	5	"–ü—É–±–ª–∏–∫–∞—Ü–∏—è: ""üî∑ –ü–µ—Ä–≤–æ—É—Ä–∞–ª—å—Å–∫, —Ä–∞—Å–ø–æ–ª–æ–∂–µ–Ω–Ω—ã–π –≤ 40 –∫–∏–ª–æ–º–µ—Ç—Ä–∞—Ö –∫..."""	"–ü—É–±–ª–∏–∫–∞—Ü–∏—è: ""üî∑ –ü–µ—Ä–≤–æ—É—Ä–∞–ª—å—Å–∫, —Ä–∞—Å–ø–æ–ª–æ–∂–µ–Ω–Ω—ã–π –≤ 40 –∫–∏–ª–æ–º–µ—Ç—Ä–∞—Ö –∫..."""	none	–¥—Ä—É–≥–æ–µ
97	23843566995190153	23843566995280153	mobile	23843566995270153	none	none	feed	none	none	instagram	none	facebook_ads	none	none	none	cpc	none	instagram	2019-07-10	307	0	83.53	325	1	none	Campaigns	instagram/cpc	instagram	cpc	act_104964190066525	none	none	none	307	"–ü—É–±–ª–∏–∫–∞—Ü–∏—è: ""üî∑ –ü–µ—Ä–≤–æ—É—Ä–∞–ª—å—Å–∫, —Ä–∞—Å–ø–æ–ª–æ–∂–µ–Ω–Ω—ã–π –≤ 40 –∫–∏–ª–æ–º–µ—Ç—Ä–∞—Ö –∫..."""	"–ü—É–±–ª–∏–∫–∞—Ü–∏—è: ""üî∑ –ü–µ—Ä–≤–æ—É—Ä–∞–ª—å—Å–∫, —Ä–∞—Å–ø–æ–ª–æ–∂–µ–Ω–Ω—ã–π –≤ 40 –∫–∏–ª–æ–º–µ—Ç—Ä–∞—Ö –∫..."""	none	–¥—Ä—É–≥–æ–µ
97	23843566995190153	23843566995280153	tablet	23843566995270153	none	none	feed	none	none	instagram	none	facebook_ads	none	none	none	cpc	none	instagram	2019-07-10	4	0	0.37	325	1	none	Campaigns	instagram/cpc	instagram	cpc	act_104964190066525	none	none	none	4	"–ü—É–±–ª–∏–∫–∞—Ü–∏—è: ""üî∑ –ü–µ—Ä–≤–æ—É—Ä–∞–ª—å—Å–∫, —Ä–∞—Å–ø–æ–ª–æ–∂–µ–Ω–Ω—ã–π –≤ 40 –∫–∏–ª–æ–º–µ—Ç—Ä–∞—Ö –∫..."""	"–ü—É–±–ª–∏–∫–∞—Ü–∏—è: ""üî∑ –ü–µ—Ä–≤–æ—É—Ä–∞–ª—å—Å–∫, —Ä–∞—Å–ø–æ–ª–æ–∂–µ–Ω–Ω—ã–π –≤ 40 –∫–∏–ª–æ–º–µ—Ç—Ä–∞—Ö –∫..."""	none	–¥—Ä—É–≥–æ–µ
97	23843566995190153	23843566995280153	tablet	23843566995270153	none	none	feed	none	none	instagram	none	facebook_ads	none	none	none	cpc	none	instagram	2019-07-10	1	0	0.2	325	1	none	Campaigns	instagram/cpc	instagram	cpc	act_104964190066525	none	none	none	1	"–ü—É–±–ª–∏–∫–∞—Ü–∏—è: ""üî∑ –ü–µ—Ä–≤–æ—É—Ä–∞–ª—å—Å–∫, —Ä–∞—Å–ø–æ–ª–æ–∂–µ–Ω–Ω—ã–π –≤ 40 –∫–∏–ª–æ–º–µ—Ç—Ä–∞—Ö –∫..."""	"–ü—É–±–ª–∏–∫–∞—Ü–∏—è: ""üî∑ –ü–µ—Ä–≤–æ—É—Ä–∞–ª—å—Å–∫, —Ä–∞—Å–ø–æ–ª–æ–∂–µ–Ω–Ω—ã–π –≤ 40 –∫–∏–ª–æ–º–µ—Ç—Ä–∞—Ö –∫..."""	none	–¥—Ä—É–≥–æ–µ
97	23843566995190153	23843566995280153	mobile	23843566995270153	none	none	feed	none	none	instagram	none	facebook_ads	none	none	none	cpc	none	instagram	2019-07-10	116	1	29.69	325	1	none	Campaigns	instagram/cpc	instagram	cpc	act_104964190066525	none	none	none	116	"–ü—É–±–ª–∏–∫–∞—Ü–∏—è: ""üî∑ –ü–µ—Ä–≤–æ—É—Ä–∞–ª—å—Å–∫, —Ä–∞—Å–ø–æ–ª–æ–∂–µ–Ω–Ω—ã–π –≤ 40 –∫–∏–ª–æ–º–µ—Ç—Ä–∞—Ö –∫..."""	"–ü—É–±–ª–∏–∫–∞—Ü–∏—è: ""üî∑ –ü–µ—Ä–≤–æ—É—Ä–∞–ª—å—Å–∫, —Ä–∞—Å–ø–æ–ª–æ–∂–µ–Ω–Ω—ã–π –≤ 40 –∫–∏–ª–æ–º–µ—Ç—Ä–∞—Ö –∫..."""	none	–¥—Ä—É–≥–æ–µ
